<VORTEXInputFile Version="10.2.1.0">
  <GeneralProjectInformation title="MMMcounterExample">
    <ProjectTitle>MMMcounterExample</ProjectTitle>
    <ProjectPath>C:/Users/tacallic/Documents/Visual Studio 2015/Projects/Taylor MMM/RLink/</ProjectPath>
    <ProjectNotes>For use with R script 'MMMcounterExample.R' as part of an example to learn how to link MMM projects with R.

Creates an ISVar called 'counter' that gives each individual a 1. R script adds 1 to each individual's counter each time it's run. You can plot this in MMM to see that the R script is being run along with the Vortex model.</ProjectNotes>
    <IsSavedFormatEU>False</IsSavedFormatEU>
    <nscenes>1</nscenes>
    <SpecialOptions>
      <rtGraphs>True</rtGraphs>
      <quietRuns>False</quietRuns>
      <breedPriority>0</breedPriority>
      <MKsubset>0</MKsubset>
      <HoldingPen>0</HoldingPen>
      <TranslocateRandom>False</TranslocateRandom>
      <UndocumentedOptions>
      </UndocumentedOptions>
    </SpecialOptions>
  </GeneralProjectInformation>
  <Scenario scenario="1">
    <Notes scenario="1">
      <Scene>This is basically the Default Scenario except that we've added state vars to demonstrate that R and Vortex can talk through MMM.</Scene>
      <Species>
      </Species>
      <StateVar>IS1/counter is 1 for each individual. We'll add 1 to each individual's counter with each run of the R script.

PS1/meanCounter is the mean of the counters for each population.</StateVar>
      <Dispersal>
      </Dispersal>
      <ReproSystem>
      </ReproSystem>
      <ReproRates>
      </ReproRates>
      <Mortality>
      </Mortality>
      <Catastrophe>
      </Catastrophe>
      <MateMonop>
      </MateMonop>
      <InitN>
      </InitN>
      <K>
      </K>
      <Harvest>
      </Harvest>
      <Supplementation>
      </Supplementation>
      <Genetics>
      </Genetics>
    </Notes>
    <Settings scenario="1">
      <Name>Default Scenario</Name>
      <ST>False</ST>
      <nRuns>10</nRuns>
      <nYears>10</nYears>
      <YrDays>365</YrDays>
      <ExtDef1Sex>True</ExtDef1Sex>
      <ExtDefFunc>False</ExtDefFunc>
      <ExtDefN>
      </ExtDefN>
      <nPops>2</nPops>
      <PopBase>False</PopBase>
      <vMacroFile>
      </vMacroFile>
      <Rfile>
      </Rfile>
      <AnimListFlag>0</AnimListFlag>
      <fullAnimList>0</fullAnimList>
      <censusRuns>0</censusRuns>
      <outHFlag>False</outHFlag>
      <outGSvars>0</outGSvars>
      <outPSvars>0</outPSvars>
      <GDinclude>False</GDinclude>
      <PSinclude>False</PSinclude>
      <ExcludeLastPop>False</ExcludeLastPop>
      <delayMort0>False</delayMort0>
    </Settings>
    <ModelSteps scenario="1">
      <Step>EV</Step>
      <Step>Breed</Step>
      <Step>Mortality</Step>
      <Step>Age</Step>
      <Step>Disperse</Step>
      <Step>Harvest</Step>
      <Step>Supplement</Step>
      <Step>rCalc</Step>
      <Step>Ktruncation</Step>
      <Step>UpdateVars</Step>
      <Step>Census</Step>
    </ModelSteps>
    <SpeciesDescription scenario="1">
      <InbrDepr>True</InbrDepr>
      <LethalEquiv>6.29</LethalEquiv>
      <PercentLethals>50</PercentLethals>
      <EVldcorrelation>0.5</EVldcorrelation>
      <EVcorrelation>0.5</EVcorrelation>
      <useBetaEV>False</useBetaEV>
      <Catastrophes nCats="2">
        <CatLabel>Catastrophe1</CatLabel>
        <CatLabel>Catastrophe2</CatLabel>
      </Catastrophes>
    </SpeciesDescription>
    <StateVariables scenario="1">
      <GlobalStateVariables GSvars="0" />
      <PopulationStateVariables PSvars="1" />
      <IndividualStateVariables ISvars="1">
        <ISVar var="1">
          <Label>counter</Label>
          <InitState>0</InitState>
          <BirthState>0</BirthState>
          <TransState>=IS1</TransState>
        </ISVar>
      </IndividualStateVariables>
    </StateVariables>
    <DefaultVarValues nDefs="0" />
    <Dispersal scenario="1">
      <LowerDispersalAge>1</LowerDispersalAge>
      <UpperDispersalAge>5</UpperDispersalAge>
      <FemaleDispersal>True</FemaleDispersal>
      <MaleDispersal>True</MaleDispersal>
      <DispersalSurvival>50</DispersalSurvival>
      <DisperseSaturated>False</DisperseSaturated>
      <DisperseN>False</DisperseN>
      <DispersalModifier>
      </DispersalModifier>
      <DispersalRates>
        <DispRate source="1" dest="1">100</DispRate>
        <DispRate source="1" dest="2">0</DispRate>
        <DispRate source="2" dest="1">0</DispRate>
        <DispRate source="2" dest="2">100</DispRate>
      </DispersalRates>
    </Dispersal>
    <ReproductiveSystem scenario="1">
      <Monogamy>False</Monogamy>
      <Polygamy>True</Polygamy>
      <LTMonogamy>False</LTMonogamy>
      <LTPolygamy>False</LTPolygamy>
      <Hermaphroditic>False</Hermaphroditic>
      <FemaleBreedingAge>2</FemaleBreedingAge>
      <MaleBreedingAge>2</MaleBreedingAge>
      <FemaleLastBreedingAge>10</FemaleLastBreedingAge>
      <MaleLastBreedingAge>10</MaleLastBreedingAge>
      <MaximumAge>10</MaximumAge>
      <maxBroods>1</maxBroods>
      <maxBroodSize>2</maxBroodSize>
      <UseNormal>True</UseNormal>
      <UseFullDistr>False</UseFullDistr>
      <SexRatio>REVAL("3.0+40.0")</SexRatio>
      <DepOffspring>0</DepOffspring>
    </ReproductiveSystem>
    <StableAgeDistribution scenario="1">Stable</StableAgeDistribution>
    <TranslocateOption scenario="1">
      <Translocate>False</Translocate>
      <TranslocationSurvival>100</TranslocationSurvival>
      <TranslocationRelSurvival>100</TranslocationRelSurvival>
      <TranslocationIf>1</TranslocationIf>
      <ISHarvest>0</ISHarvest>
    </TranslocateOption>
    <GeneticManagement scenario="1">
      <ImportStudbook>False</ImportStudbook>
      <StudbookAppend>False</StudbookAppend>
      <NeutralLoci>1</NeutralLoci>
      <Tally1Locus>True</Tally1Locus>
      <TallyOtherLoci>False</TallyOtherLoci>
      <TallyAllLoci>False</TallyAllLoci>
      <ImportAlleleFreqsFile>False</ImportAlleleFreqsFile>
      <OutputGenePop>False</OutputGenePop>
      <OutputAlleleFreqFile>False</OutputAlleleFreqFile>
      <mkGD>False</mkGD>
      <mkGDist>False</mkGDist>
      <MutationLoci>0</MutationLoci>
      <MutationRate>0</MutationRate>
      <MateTriesIS>0</MateTriesIS>
    </GeneticManagement>
    <PopulationRates scenario="1">
      <Population pop="1">
        <Label>Population1</Label>
        <PopStateVariables pop="1">
          <PSVar var="1">
            <Label>meanCounter</Label>
            <InitState>0</InitState>
            <TransState>=IMEAN1</TransState>
          </PSVar>
        </PopStateVariables>
        <DensityDependence pop="1">
          <DDRepro>False</DDRepro>
          <DDP0>50</DDP0>
          <DDPK>25</DDPK>
          <DDAllee>1</DDAllee>
          <DDSlope>2</DDSlope>
        </DensityDependence>
        <ReproductiveRates pop="1">
          <PercentBreed>50</PercentBreed>
          <EVBreed>10</EVBreed>
          <Brood n="0">0</Brood>
          <Brood n="1">100</Brood>
          <BroodMean>2.5</BroodMean>
          <BroodSD>1</BroodSD>
          <BroodSize size="1">0</BroodSize>
          <BroodSize size="2">100</BroodSize>
        </ReproductiveRates>
        <MortalityRates pop="1">
          <FemaleMort age="0">10</FemaleMort>
          <EVFemaleMort age="0">10</EVFemaleMort>
          <FemaleMort age="1">10</FemaleMort>
          <EVFemaleMort age="1">10</EVFemaleMort>
          <FemaleMort age="2">10</FemaleMort>
          <EVFemaleMort age="2">10</EVFemaleMort>
          <MaleMort age="0">10</MaleMort>
          <EVMaleMort age="0">10</EVMaleMort>
          <MaleMort age="1">10</MaleMort>
          <EVMaleMort age="1">10</EVMaleMort>
          <MaleMort age="2">10</MaleMort>
          <EVMaleMort age="2">10</EVMaleMort>
        </MortalityRates>
        <Catastrophes pop="1">
          <Catastrophe cat="1">
            <Label>Catastrophe1</Label>
            <GlobalLocal>Local</GlobalLocal>
            <Frequency>1</Frequency>
            <SeverityRepro>1</SeverityRepro>
            <SeverityMort>1</SeverityMort>
          </Catastrophe>
          <Catastrophe cat="2">
            <Label>Catastrophe2</Label>
            <GlobalLocal>Local</GlobalLocal>
            <Frequency>1</Frequency>
            <SeverityRepro>1</SeverityRepro>
            <SeverityMort>1</SeverityMort>
          </Catastrophe>
        </Catastrophes>
        <Monopolization pop="1">
          <PercentMales>100</PercentMales>
        </Monopolization>
        <InitialPopulationSize pop="1">
          <InitialN>50</InitialN>
          <FemalesAge age="0">0</FemalesAge>
          <FemalesAge age="1">9</FemalesAge>
          <FemalesAge age="2">7</FemalesAge>
          <FemalesAge age="3">4</FemalesAge>
          <FemalesAge age="4">3</FemalesAge>
          <FemalesAge age="5">2</FemalesAge>
          <FemalesAge age="6">1</FemalesAge>
          <FemalesAge age="7">1</FemalesAge>
          <FemalesAge age="8">1</FemalesAge>
          <FemalesAge age="9">0</FemalesAge>
          <FemalesAge age="10">1</FemalesAge>
          <MalesAge age="0">0</MalesAge>
          <MalesAge age="1">7</MalesAge>
          <MalesAge age="2">5</MalesAge>
          <MalesAge age="3">3</MalesAge>
          <MalesAge age="4">2</MalesAge>
          <MalesAge age="5">2</MalesAge>
          <MalesAge age="6">1</MalesAge>
          <MalesAge age="7">0</MalesAge>
          <MalesAge age="8">1</MalesAge>
          <MalesAge age="9">0</MalesAge>
          <MalesAge age="10">0</MalesAge>
        </InitialPopulationSize>
        <CarryingCapacity pop="1">
          <K>100</K>
          <EVK>0</EVK>
          <Ktrend>False</Ktrend>
          <Kyears>5</Kyears>
          <Kchange>-10</Kchange>
          <Kcriteria>False</Kcriteria>
          <Ktest>=N</Ktest>
          <Kpriority>0</Kpriority>
          <AllowK>False</AllowK>
          <KAllow>1</KAllow>
        </CarryingCapacity>
        <Harvest pop="1">
          <Harvest>False</Harvest>
          <StartYear>0</StartYear>
          <EndYear>0</EndYear>
          <Interval>0</Interval>
          <HarvCriteria>1</HarvCriteria>
          <IHarvCriteria>1</IHarvCriteria>
          <FemalesAge age="0">0</FemalesAge>
          <FemalesAge age="1">0</FemalesAge>
          <FemalesAge age="2">0</FemalesAge>
          <MalesAge age="0">0</MalesAge>
          <MalesAge age="1">0</MalesAge>
          <MalesAge age="2">0</MalesAge>
        </Harvest>
        <Supplementation pop="1">
          <Supplement>False</Supplement>
          <StartYear>0</StartYear>
          <EndYear>0</EndYear>
          <Interval>0</Interval>
          <Criteria>1</Criteria>
          <FemalesAge age="0">0</FemalesAge>
          <FemalesAge age="1">0</FemalesAge>
          <FemalesAge age="2">0</FemalesAge>
          <MalesAge age="0">0</MalesAge>
          <MalesAge age="1">0</MalesAge>
          <MalesAge age="2">0</MalesAge>
        </Supplementation>
        <GeneticManagement pop="1">
          <BreedMaintainK>False</BreedMaintainK>
          <AvoidInbr>False</AvoidInbr>
          <AvoidInbrF>1</AvoidInbrF>
          <PairMKdynamic>False</PairMKdynamic>
          <PairMKStatic>False</PairMKStatic>
          <SetKin>0</SetKin>
          <MaxNMates>0</MaxNMates>
          <NumTriesFindMate>10</NumTriesFindMate>
        </GeneticManagement>
      </Population>
      <Population pop="2">
        <Label>Population2</Label>
        <PopStateVariables pop="2">
          <PSVar var="1">
            <Label>totalCounter</Label>
            <InitState>0</InitState>
            <TransState>=IMEAN1</TransState>
          </PSVar>
        </PopStateVariables>
        <DensityDependence pop="2">
          <DDRepro>False</DDRepro>
          <DDP0>50</DDP0>
          <DDPK>25</DDPK>
          <DDAllee>1</DDAllee>
          <DDSlope>2</DDSlope>
        </DensityDependence>
        <ReproductiveRates pop="2">
          <PercentBreed>50</PercentBreed>
          <EVBreed>10</EVBreed>
          <Brood n="0">0</Brood>
          <Brood n="1">100</Brood>
          <BroodMean>2.5</BroodMean>
          <BroodSD>1</BroodSD>
          <BroodSize size="1">0</BroodSize>
          <BroodSize size="2">100</BroodSize>
        </ReproductiveRates>
        <MortalityRates pop="2">
          <FemaleMort age="0">10</FemaleMort>
          <EVFemaleMort age="0">10</EVFemaleMort>
          <FemaleMort age="1">10</FemaleMort>
          <EVFemaleMort age="1">10</EVFemaleMort>
          <FemaleMort age="2">10</FemaleMort>
          <EVFemaleMort age="2">10</EVFemaleMort>
          <MaleMort age="0">10</MaleMort>
          <EVMaleMort age="0">10</EVMaleMort>
          <MaleMort age="1">10</MaleMort>
          <EVMaleMort age="1">10</EVMaleMort>
          <MaleMort age="2">10</MaleMort>
          <EVMaleMort age="2">10</EVMaleMort>
        </MortalityRates>
        <Catastrophes pop="2">
          <Catastrophe cat="1">
            <Label>Catastrophe1</Label>
            <GlobalLocal>Local</GlobalLocal>
            <Frequency>1</Frequency>
            <SeverityRepro>1</SeverityRepro>
            <SeverityMort>1</SeverityMort>
          </Catastrophe>
          <Catastrophe cat="2">
            <Label>Catastrophe2</Label>
            <GlobalLocal>Local</GlobalLocal>
            <Frequency>1</Frequency>
            <SeverityRepro>1</SeverityRepro>
            <SeverityMort>1</SeverityMort>
          </Catastrophe>
        </Catastrophes>
        <Monopolization pop="2">
          <PercentMales>100</PercentMales>
        </Monopolization>
        <InitialPopulationSize pop="2">
          <InitialN>50</InitialN>
          <FemalesAge age="0">0</FemalesAge>
          <FemalesAge age="1">9</FemalesAge>
          <FemalesAge age="2">7</FemalesAge>
          <FemalesAge age="3">4</FemalesAge>
          <FemalesAge age="4">3</FemalesAge>
          <FemalesAge age="5">2</FemalesAge>
          <FemalesAge age="6">1</FemalesAge>
          <FemalesAge age="7">1</FemalesAge>
          <FemalesAge age="8">1</FemalesAge>
          <FemalesAge age="9">0</FemalesAge>
          <FemalesAge age="10">1</FemalesAge>
          <MalesAge age="0">0</MalesAge>
          <MalesAge age="1">7</MalesAge>
          <MalesAge age="2">5</MalesAge>
          <MalesAge age="3">3</MalesAge>
          <MalesAge age="4">2</MalesAge>
          <MalesAge age="5">2</MalesAge>
          <MalesAge age="6">1</MalesAge>
          <MalesAge age="7">0</MalesAge>
          <MalesAge age="8">1</MalesAge>
          <MalesAge age="9">0</MalesAge>
          <MalesAge age="10">0</MalesAge>
        </InitialPopulationSize>
        <CarryingCapacity pop="2">
          <K>100</K>
          <EVK>0</EVK>
          <Ktrend>False</Ktrend>
          <Kyears>5</Kyears>
          <Kchange>-10</Kchange>
          <Kcriteria>False</Kcriteria>
          <Ktest>=N</Ktest>
          <Kpriority>0</Kpriority>
          <AllowK>False</AllowK>
          <KAllow>1</KAllow>
        </CarryingCapacity>
        <Harvest pop="2">
          <Harvest>False</Harvest>
          <StartYear>0</StartYear>
          <EndYear>0</EndYear>
          <Interval>0</Interval>
          <HarvCriteria>1</HarvCriteria>
          <IHarvCriteria>1</IHarvCriteria>
          <FemalesAge age="0">0</FemalesAge>
          <FemalesAge age="1">0</FemalesAge>
          <FemalesAge age="2">0</FemalesAge>
          <MalesAge age="0">0</MalesAge>
          <MalesAge age="1">0</MalesAge>
          <MalesAge age="2">0</MalesAge>
        </Harvest>
        <Supplementation pop="2">
          <Supplement>False</Supplement>
          <StartYear>0</StartYear>
          <EndYear>0</EndYear>
          <Interval>0</Interval>
          <Criteria>1</Criteria>
          <FemalesAge age="0">0</FemalesAge>
          <FemalesAge age="1">0</FemalesAge>
          <FemalesAge age="2">0</FemalesAge>
          <MalesAge age="0">0</MalesAge>
          <MalesAge age="1">0</MalesAge>
          <MalesAge age="2">0</MalesAge>
        </Supplementation>
        <GeneticManagement pop="2">
          <BreedMaintainK>False</BreedMaintainK>
          <AvoidInbr>False</AvoidInbr>
          <AvoidInbrF>1</AvoidInbrF>
          <PairMKdynamic>False</PairMKdynamic>
          <PairMKStatic>False</PairMKStatic>
          <SetKin>0</SetKin>
          <MaxNMates>0</MaxNMates>
          <NumTriesFindMate>10</NumTriesFindMate>
        </GeneticManagement>
      </Population>
    </PopulationRates>
  </Scenario>
  <SensitivityTests STs="0" />
</VORTEXInputFile>