<OutbreakProject Version="2.0.0">
  <Name>O2Demo</Name>
  <DzTag>TestDz</DzTag>
  <Description>
  </Description>
  <Iterations>100</Iterations>
  <Years>100</Years>
  <Days>365</Days>
  <OutputFiles>
    <outYearly>True</outYearly>
    <outDaily>True</outDaily>
    <outEpiRates>False</outEpiRates>
    <outIndList>False</outIndList>
    <outIndividuals>False</outIndividuals>
    <outMM>False</outMM>
  </OutputFiles>
  <Pre-susceptible>
    <probPermanentP>0</probPermanentP>
    <DaysP>=IUNIFORM(0;1)</DaysP>
    <MaternalR>False</MaternalR>
    <DaysMaternalR>=IUNIFORM(0;1)</DaysMaternalR>
  </Pre-susceptible>
  <Susceptible>
    <usePropEncounter>True</usePropEncounter>
    <propPopEncounter>0.1</propPopEncounter>
    <useFixedNEncounter>False</useFixedNEncounter>
    <NEncounter>0</NEncounter>
    <useDistanceEncounter>False</useDistanceEncounter>
    <DistanceEncounterFunc>=0.1*(DIST&lt;4)</DistanceEncounterFunc>
    <probTransmission>0.1</probTransmission>
    <probOutsideEncounter>0.00274</probOutsideEncounter>
    <probOutsideTransmission>0.0008</probOutsideTransmission>
    <probMaternalTransmission>0</probMaternalTransmission>
  </Susceptible>
  <Exposed>
    <DaysE>=IUNIFORM(25;25)</DaysE>
  </Exposed>
  <Infectious>
    <probPermanentI>0</probPermanentI>
    <DaysI>=IUNIFORM(25;25)</DaysI>
    <probRecovery>0.95</probRecovery>
    <probReSusceptible>0</probReSusceptible>
    <probDeath>0.05</probDeath>
  </Infectious>
  <Resistant>
    <probPermanentR>0</probPermanentR>
    <DaysR>=IUNIFORM(25;25)</DaysR>
  </Resistant>
  <Vaccinate>
    <VaccNow>False</VaccNow>
    <VaccInterval>False</VaccInterval>
    <VaccDays>365</VaccDays>
    <VaccDaysStart>365</VaccDaysStart>
    <VaccCriteria>False</VaccCriteria>
    <VaccPrev>=P&gt;0.1</VaccPrev>
    <VaccAge0>0.25</VaccAge0>
    <VaccAgeSA>0.25</VaccAgeSA>
    <VaccAgeAd>0.25</VaccAgeAd>
    <VaccEfficacy>0.75</VaccEfficacy>
    <VaccDuration>300</VaccDuration>
  </Vaccinate>
  <Cull>
    <CullNow>False</CullNow>
    <CullDays>365</CullDays>
    <CullDaysStart>365</CullDaysStart>
    <CullPrev>=P&gt;0.1</CullPrev>
    <CullAge0>0.25</CullAge0>
    <CullAgeSA>0.25</CullAgeSA>
    <CullAgeAd>0.25</CullAgeAd>
  </Cull>
  <InitialPopulation>
    <InitN>25</InitN>
    <useNCount>True</useNCount>
    <Juveniles>
      <S>5</S>
      <E>0</E>
      <I>0</I>
      <R>0</R>
      <V>0</V>
    </Juveniles>
    <Subadults>
      <S>0</S>
      <E>0</E>
      <I>0</I>
      <R>0</R>
      <V>0</V>
    </Subadults>
    <AdultMales>
      <S>9</S>
      <E>1</E>
      <I>0</I>
      <R>0</R>
      <V>0</V>
    </AdultMales>
    <AdultFemales>
      <S>10</S>
      <E>0</E>
      <I>0</I>
      <R>0</R>
      <V>0</V>
    </AdultFemales>
  </InitialPopulation>
  <Demography>
    <BreedDays>=IUNIFORM(100;160)</BreedDays>
    <BreedAgeDays>1095</BreedAgeDays>
    <BreedMaxAge>10</BreedMaxAge>
    <Age0MortS>0.4</Age0MortS>
    <Age0MortE>0.4</Age0MortE>
    <Age0MortI>0.4</Age0MortI>
    <Age0MortR>0.4</Age0MortR>
    <SAMortS>0.1</SAMortS>
    <SAMortE>0.1</SAMortE>
    <SAMortI>0.1</SAMortI>
    <SAMortR>0.1</SAMortR>
    <AMMortS>0.1</AMMortS>
    <AMMortE>0.1</AMMortE>
    <AMMortI>0.1</AMMortI>
    <AMMortR>0.1</AMMortR>
    <AFMortS>0.1</AFMortS>
    <AFMortE>0.1</AFMortE>
    <AFMortI>0.1</AFMortI>
    <AFMortR>0.1</AFMortR>
    <prBreedS>0.75</prBreedS>
    <prBreedE>0.75</prBreedE>
    <prBreedI>0.75</prBreedI>
    <prBreedR>0.75</prBreedR>
    <nLittersS>1</nLittersS>
    <nLittersE>1</nLittersE>
    <nLittersI>1</nLittersI>
    <nLittersR>1</nLittersR>
    <LitterSizeS>1</LitterSizeS>
    <LitterSizeE>1</LitterSizeE>
    <LitterSizeI>1</LitterSizeI>
    <LitterSizeR>1</LitterSizeR>
    <K>50</K>
    <MaintainK>False</MaintainK>
    <KDay>365</KDay>
  </Demography>
  <Spatial>
    <gridXmin>0</gridXmin>
    <gridXmax>100</gridXmax>
    <gridYmin>0</gridYmin>
    <gridYmax>100</gridYmax>
    <gridSeed>True</gridSeed>
    <gridXseed>=50+10*NRAND</gridXseed>
    <gridYseed>=50+10*NRAND</gridYseed>
    <moveRandom>False</moveRandom>
    <moveWhen>=DAY%30=0</moveWhen>
    <moveDistMin>0</moveDistMin>
    <moveDistMax>10</moveDistMax>
    <moveRules>False</moveRules>
    <moveXrule>=5*NRAND</moveXrule>
    <moveYrule>=5*NRAND</moveYrule>
    <gridBoundaryReflects>False</gridBoundaryReflects>
    <gridBoundaryAbsorbs>False</gridBoundaryAbsorbs>
  </Spatial>
</OutbreakProject>