<OutbreakProject Version="2.0">
  <Name>PDPlague</Name>
  <DzTag>
  </DzTag>
  <Description>
  </Description>
  <Iterations>10</Iterations>
  <Years>10</Years>
  <Days>365</Days>
  <OutputFiles>
    <outYearly>True</outYearly>
    <outDaily>True</outDaily>
    <outEpiRates>False</outEpiRates>
    <outIndList>False</outIndList>
    <outIndividuals>False</outIndividuals>
    <outMM>False</outMM>
  </OutputFiles>
  <Pre-susceptible>
    <probPermanentP>0</probPermanentP>
    <DaysP>=IUNIFORM(1;10)</DaysP>
    <MaternalR>False</MaternalR>
    <DaysMaternalR>=IUNIFORM(1;2)</DaysMaternalR>
  </Pre-susceptible>
  <Susceptible>
    <usePropEncounter>True</usePropEncounter>
    <propPopEncounter>0.01</propPopEncounter>
    <useFixedNEncounter>False</useFixedNEncounter>
    <NEncounter>10</NEncounter>
    <useDistanceEncounter>False</useDistanceEncounter>
    <DistanceEncounterFunc>=0.1*(DIST&lt;4)</DistanceEncounterFunc>
    <probTransmission>0.03</probTransmission>
    <probOutsideEncounter>0.001</probOutsideEncounter>
    <probOutsideTransmission>0.001</probOutsideTransmission>
    <probMaternalTransmission>0</probMaternalTransmission>
  </Susceptible>
  <Exposed>
    <DaysE>=IUNIFORM(5;15)</DaysE>
  </Exposed>
  <Infectious>
    <probPermanentI>0</probPermanentI>
    <DaysI>=IUNIFORM(30;120)</DaysI>
    <probRecovery>0.25</probRecovery>
    <probReSusceptible>0.25</probReSusceptible>
    <probDeath>0.5</probDeath>
  </Infectious>
  <Resistant>
    <probPermanentR>0.2</probPermanentR>
    <DaysR>=IUNIFORM(730;1800)</DaysR>
  </Resistant>
  <Vaccinate>
    <VaccNow>False</VaccNow>
    <VaccInterval>False</VaccInterval>
    <VaccDays>0</VaccDays>
    <VaccDaysStart>0</VaccDaysStart>
    <VaccCriteria>False</VaccCriteria>
    <VaccPrev>0</VaccPrev>
    <VaccAge0>0.25</VaccAge0>
    <VaccAgeSA>0.25</VaccAgeSA>
    <VaccAgeAd>0.25</VaccAgeAd>
    <VaccEfficacy>0.75</VaccEfficacy>
    <VaccDuration>300</VaccDuration>
  </Vaccinate>
  <Cull>
    <CullNow>False</CullNow>
    <CullDays>0</CullDays>
    <CullDaysStart>0</CullDaysStart>
    <CullPrev>0</CullPrev>
    <CullAge0>0.75</CullAge0>
    <CullAgeSA>0.25</CullAgeSA>
    <CullAgeAd>0.25</CullAgeAd>
  </Cull>
  <InitialPopulation>
    <InitN>100</InitN>
    <useNCount>True</useNCount>
    <Juveniles>
      <S>30</S>
      <E>0</E>
      <I>0</I>
      <R>0</R>
      <V>0</V>
    </Juveniles>
    <Subadults>
      <S>30</S>
      <E>0</E>
      <I>0</I>
      <R>0</R>
      <V>0</V>
    </Subadults>
    <AdultMales>
      <S>14</S>
      <E>1</E>
      <I>0</I>
      <R>0</R>
      <V>0</V>
    </AdultMales>
    <AdultFemales>
      <S>24</S>
      <E>1</E>
      <I>0</I>
      <R>0</R>
      <V>0</V>
    </AdultFemales>
  </InitialPopulation>
  <Demography>
    <BreedDays>=IUNIFORM(100;200)</BreedDays>
    <BreedAgeDays>1095</BreedAgeDays>
    <BreedMaxAge>12</BreedMaxAge>
    <Age0MortS>0.2</Age0MortS>
    <Age0MortE>0.2</Age0MortE>
    <Age0MortI>0.2</Age0MortI>
    <Age0MortR>0.2</Age0MortR>
    <SAMortS>0.2</SAMortS>
    <SAMortE>0.2</SAMortE>
    <SAMortI>0.2</SAMortI>
    <SAMortR>0.2</SAMortR>
    <AMMortS>0.17</AMMortS>
    <AMMortE>0.17</AMMortE>
    <AMMortI>0.17</AMMortI>
    <AMMortR>0.17</AMMortR>
    <AFMortS>0.15</AFMortS>
    <AFMortE>0.15</AFMortE>
    <AFMortI>0.15</AFMortI>
    <AFMortR>0.15</AFMortR>
    <prBreedS>0.5</prBreedS>
    <prBreedE>0.5</prBreedE>
    <prBreedI>0.5</prBreedI>
    <prBreedR>0.5</prBreedR>
    <nLittersS>1</nLittersS>
    <nLittersE>1</nLittersE>
    <nLittersI>1</nLittersI>
    <nLittersR>1</nLittersR>
    <LitterSizeS>2</LitterSizeS>
    <LitterSizeE>2</LitterSizeE>
    <LitterSizeI>2</LitterSizeI>
    <LitterSizeR>2</LitterSizeR>
    <K>200</K>
    <MaintainK>False</MaintainK>
    <KDay>365</KDay>
  </Demography>
  <Spatial>
    <gridXmin>0</gridXmin>
    <gridXmax>100</gridXmax>
    <gridYmin>0</gridYmin>
    <gridYmax>100</gridYmax>
    <gridSeed>True</gridSeed>
    <gridXseed>=50+10*NRAND</gridXseed>
    <gridYseed>=50+10*NRAND</gridYseed>
    <moveRandom>False</moveRandom>
    <moveWhen>=DAY%30=0</moveWhen>
    <moveDistMin>0</moveDistMin>
    <moveDistMax>10</moveDistMax>
    <moveRules>False</moveRules>
    <moveXrule>=5*NRAND</moveXrule>
    <moveYrule>=5*NRAND</moveYrule>
    <gridBoundaryReflects>False</gridBoundaryReflects>
    <gridBoundaryAbsorbs>False</gridBoundaryAbsorbs>
  </Spatial>
</OutbreakProject>